time	phase	decision	reason	evidence	result
2026-09-23T16:29:00+08:00	align	Keep the console schema in src/data/types.ts; do not invent README-only field names	Finish predicate is parseProjectStatus. README field names already matched code (workstreams, project.headline, project.next, project.updatedAt, status done|active|blocked).	src/data/types.ts ProjectStatus; src/data/project.ts SCHEMA_VERSION 1	public/status.json stays schemaVersion 1 with those fields. README 当前状态 updated; agent section now points at types.ts.
2026-09-23T16:29:20+08:00	align	Mark workstreams mqtt, dashboard-ui, and admin-ui done; keep their ids	Farm Issues #1 #2 #3 are closed and the cited PRs are merged. Renaming ids would break the existing ledger.	https://github.com/lijiaaaaa-bot/mushroom-farm-platform/blob/main/STATUS.md ; issues/1 closed PR #5 4dd50a1; issues/2 closed PR #10; issues/3 closed PR #19	status done. Notes cite the closed Issue and merged PR.
2026-09-23T16:29:40+08:00	align	Rename admin-ui display name from 管理端暗色UI to 管理端 Family B Light	Farm locked Family B Light farm-ops (light surface, green accent), not a navy neon admin skin.	Issue #3 mission text; PR #19 style note (bg #F5F7FA, accent #1B7A4E / #2F9E44)	id admin-ui unchanged; name and note describe Light.
2026-09-23T16:30:00+08:00	align	Add workstream board-sync with status done	This PR is the console half of farm Issue #4. Coordinator closes #4 after merge, so the console must not leave the alignment active. Farm 进行中 is empty, so next cannot point at #1 #2 or #3.	Mission text; STATUS.md 进行中 无 / 待开 #4	board-sync done. project.next is 农场 STATUS 没有下一切片，等新 Issue。
2026-09-23T16:30:10+08:00	align	Leave blockers as an empty array	Farm STATUS 阻塞 is 无. No new blocker was found while checking Issues #1–#3 and the STATUS.md href.	STATUS.md 阻塞 section	blockers []
2026-09-23T16:30:20+08:00	align	Flip checklist d1-mqtt-names and d1-screen-ia to done true and rewrite the unfinished wording; add done items for admin Light and this alignment	Those two rows still said MQTT and the big-screen shell were unfinished. Admin was closed on the farm board but missing from the checklist.	Old public/status.json done:false rows; closed issues #1 #2 #3	d1-mqtt-names, d1-screen-ia, d1-admin-light, d1-board-sync are done true.
2026-09-23T16:30:30+08:00	align	Keep the STATUS.md link at blob/main/STATUS.md and refresh notes; add PR #5 #10 #19, harness, and Overnight PR #18	The live board file is already repo-root STATUS.md. The previous href was correct. Closed-issue notes and the requested PR/harness links were missing.	GET raw STATUS.md on main returned the 2026-09-23 board	Href unchanged. Link notes say #1 #2 #3 are closed. New links point at the merged PRs and project-harness-day0.
2026-09-23T16:30:40+08:00	branch	Use cursor/issue-4-status-json-align-47ab off main and do not push main	Cloud agent branch names must match cursor/<descriptive-name>-47ab. The overnight/issue-4-status-json-align name in the mission was an example (e.g.), not an explicit exact name.	Cloud task branch template; mission isolated-branch bullet	Branch created from main. No commit to main. No auto-merge.
2026-09-23T16:30:50+08:00	scope	Edit only mushroom-project-console; do not change Vue layout	JSON satisfies the existing validator, so the page can render the new ledger without a layout change. Farm STATUS.md and Issue #4 stay with the coordinator.	parseProjectStatus field list; mission non-goals	No Vue edits. No farm-repo edits.
